"VOTRE FICHIER";"Fichier attendu";"Type";"Contexte";"Nom";"Taille conseillee"
"C:\Users\beber\.codex\generated_images\01a0881b-a5c4-72b1-abeb-547f48835e6d\Images ok pas en ligne\exec-315469a4-3000-49b4-bbac-bc56274d19fe.png";"/cards/spells/spell_athena_serres.png";"Sort";"Athéna, Déesse de la sagesse — Serres acérées";"Serres acérées";""
"C:\Users\beber\.codex\generated_images\01a0881b-a5c4-72b1-abeb-547f48835e6d\Images ok pas en ligne\exec-b92e5c2e-7de4-4797-83a4-90fa75ee7cca.png";"/cards/spells/spell_chiron_skill_1.png";"Sort";"Chiron — Tir anatomique";"Tir anatomique";""
"C:\Users\beber\.codex\generated_images\01a0881b-a5c4-72b1-abeb-547f48835e6d\Images ok pas en ligne\exec-49d05847-7e27-401c-a9cf-65c62d5b4c77.png";"/cards/spells/spell_harpies_skill_1.png";"Sort";"Harpie — Serres lacérantes";"Serres lacérantes";""
"C:\Users\beber\.codex\generated_images\01a0881b-a5c4-72b1-abeb-547f48835e6d\Images ok pas en ligne\exec-463d28b9-c02e-459c-827c-28b05056bd02.png";"/cards/spells/spell_demeter_moisson.png";"Sort";"Demeter, Déesse des récoltes — Moisson";"Moisson";""
"C:\Users\beber\.codex\generated_images\01a0881b-a5c4-72b1-abeb-547f48835e6d\Images ok pas en ligne\exec-5162f1a6-85c7-40be-bf78-c093bf1b738b.png";"/cards/spells/spell_oracle_delphes_skill_2.png";"Sort";"Oracle de Delphes — Destin contrarié";"Destin contrarié";""
"C:\Users\beber\.codex\generated_images\01a0881b-a5c4-72b1-abeb-547f48835e6d\Images ok pas en ligne\exec-c7cb61f0-07be-429f-ba71-1f2f2b7788af.png";"/cards/spells/spell_ulysses_stunning_blow.png";"Sort";"Ulysse, Roi d'Ithaque — Coup Étourdissant";"Coup Étourdissant";""
"C:\Users\beber\.codex\generated_images\01a0881b-a5c4-72b1-abeb-547f48835e6d\Images ok pas en ligne\exec-637199a2-25c1-4c2b-9b62-08c4f376220b.png";"/cards/spells/spell_oracle_delphes_generator_2.png";"Sort";"Oracle de Delphes — Tir prémonitoire";"Tir prémonitoire";""
"C:\Users\beber\.codex\generated_images\01a0881b-a5c4-72b1-abeb-547f48835e6d\Images ok pas en ligne\exec-c02c9a01-6f73-445f-8480-e239fbfc5e9e.png";"/cards/spells/spell_dragon_morsure.png";"Sort";"Dragon de Thèbes — Morsure du Dragon";"Morsure du Dragon";""
"C:\Users\beber\.codex\generated_images\01a0881b-a5c4-72b1-abeb-547f48835e6d\Images ok pas en ligne\exec-0deefc0e-7d7e-485f-82c1-1690f27044fd.png";"/cards/spells/spell_meduse_generator_1.png";"Sort";"Méduse — Regard perçant";"Regard perçant";""
"C:\Users\beber\.codex\generated_images\01a0881b-a5c4-72b1-abeb-547f48835e6d\Images ok pas en ligne\exec-2f67e72c-09ea-4792-818f-d7fcb9e975e7.png";"/cards/spells/spell_occultiste_utility_1.png";"Sort";"Occultiste de Nyx — Sceau du silence";"Sceau du silence";""
"C:\Users\beber\.codex\generated_images\01a0881b-a5c4-72b1-abeb-547f48835e6d\Images ok pas en ligne\exec-21c730e7-40c1-4944-85ca-657fb9968eaa.png";"/cards/spells/spell_cerbere_skill_2.png";"Sort";"Cerbère — Triple morsure";"Triple morsure";""
"C:\Users\beber\.codex\generated_images\01a0881b-a5c4-72b1-abeb-547f48835e6d\Images ok pas en ligne\exec-43f0789c-c5e3-474e-a2e4-019acc57ff49.png";"/cards/spells/spell_oracle_delphes_generator_1.png";"Sort";"Oracle de Delphes — Braise sacrée";"Braise sacrée";""
"C:\Users\beber\.codex\generated_images\01a0881b-a5c4-72b1-abeb-547f48835e6d\Images ok pas en ligne\exec-7e4283bd-cd78-49c0-a4af-ad595ec7d19c.png";"/cards/spells/spell_knight_divine_rally.png";"Sort";"Chevalier d'Athéna — Ralliement Divin";"Ralliement Divin";""
"C:\Users\beber\.codex\generated_images\01a0881b-a5c4-72b1-abeb-547f48835e6d\Images ok pas en ligne\exec-4c5f9a9a-399e-4533-a2c8-044c062d18d6.png";"/cards/spells/spell_garde_celeste_generator_2.png";"Sort";"Garde céleste — Pointe olympienne";"Pointe olympienne";""
"C:\Users\beber\.codex\generated_images\01a0881b-a5c4-72b1-abeb-547f48835e6d\Images ok pas en ligne\exec-27055518-50f3-48c7-8fa3-597b123c3fd1.png";"/cards/spells/spell_artemis_execution.png";"Sort";"Artémis, Déesse de la chasse — Flèche d'exécution";"Flèche d'exécution";""
"C:\Users\beber\.codex\generated_images\01a0881b-a5c4-72b1-abeb-547f48835e6d\Images ok pas en ligne\exec-83c559b7-e165-4209-b95a-fbeee3ba44b8.png";"/cards/spells/spell_feu_follet_generator_1.png";"Sort";"Feu follet — Danse des étincelles";"Danse des étincelles";""
"C:\Users\beber\.codex\generated_images\01a0881b-a5c4-72b1-abeb-547f48835e6d\Images ok pas en ligne\exec-c4ecb80f-e1b4-4cb1-acb9-1f3df68a3f41.png";"/cards/spells/spell_achille_skill_1.png";"Sort";"Achille — Revers du bouclier";"Revers du bouclier";""
"C:\Users\beber\.codex\generated_images\01a0881b-a5c4-72b1-abeb-547f48835e6d\Images ok pas en ligne\exec-74ebd317-a1c4-4f6a-ba73-986977a035b9.png";"/cards/spells/spell_serviteurs_aphrodite_skill_1.png";"Sort";"Serviteur d'Aphrodite — Étreinte envoûtante";"Étreinte envoûtante";""