"Personnage";"Nom de la carte";"Image actuelle dans le projet";"Destination existante";"NOUVELLE IMAGE (chemin complet, à remplir)"
"Athéna, Déesse de la sagesse";"Serres acérées";"/cards/spells/spell_athena_serres.png";"oui";""
"Chiron";"Tir anatomique";"/cards/spells/spell_chiron_skill_1.png";"oui";""
"Harpie";"Serres lacérantes";"/cards/spells/spell_harpies_skill_1.png";"oui";""
"Demeter, Déesse des récoltes";"Moisson";"/cards/spells/spell_demeter_moisson.png";"oui";""
"Oracle de Delphes";"Destin contrarié";"/cards/spells/spell_oracle_delphes_skill_2.png";"oui";""
"Ulysse, Roi d'Ithaque";"Coup Étourdissant";"/cards/spells/spell_ulysses_stunning_blow.png";"oui";""
"Oracle de Delphes";"Tir prémonitoire";"/cards/spells/spell_oracle_delphes_generator_2.png";"oui";""
"Dragon de Thèbes";"Morsure du Dragon";"/cards/spells/spell_dragon_morsure.png";"oui";""
"Méduse";"Regard perçant";"/cards/spells/spell_meduse_generator_1.png";"oui";""
"Occultiste de Nyx";"Sceau du silence";"/cards/spells/spell_occultiste_utility_1.png";"oui";""
"Cerbère";"Triple morsure";"/cards/spells/spell_cerbere_skill_2.png";"oui";""
"Oracle de Delphes";"Braise sacrée";"/cards/spells/spell_oracle_delphes_generator_1.png";"oui";""
"Chevalier d'Athéna";"Ralliement Divin";"/cards/spells/spell_knight_divine_rally.png";"oui";""
"Garde céleste";"Pointe olympienne";"/cards/spells/spell_garde_celeste_generator_2.png";"oui";""
"Artémis, Déesse de la chasse";"Flèche d'exécution";"/cards/spells/spell_artemis_execution.png";"oui";""
"Feu follet";"Danse des étincelles";"/cards/spells/spell_feu_follet_generator_1.png";"oui";""
"Achille";"Revers du bouclier";"/cards/spells/spell_achille_skill_1.png";"oui";""
"Serviteur d'Aphrodite";"Étreinte envoûtante";"/cards/spells/spell_serviteurs_aphrodite_skill_1.png";"oui";""